No,Accuracy,Precision,Recall,F1 Score,Loss,Val Loss
1,0.8696088264794383,0.8632208157524613,0.9039027982326951,0.8692174338640974,"[0.6862519979476929, 0.648928165435791, 0.583368182182312, 0.5111179351806641, 0.4496501088142395, 0.40303105115890503, 0.3701234459877014, 0.3457435667514801, 0.3284306228160858, 0.3149541914463043]","[0.6740164756774902, 0.6199535131454468, 0.5482157468795776, 0.4797819256782532, 0.4261047840118408, 0.3877125084400177, 0.36192911863327026, 0.344320148229599, 0.3326166272163391, 0.32523393630981445]"
2,0.872617853560682,0.8704165183339266,0.9002209131075111,0.8723573694580833,"[0.6880729794502258, 0.6554547548294067, 0.5906367897987366, 0.5119826793670654, 0.4449368119239807, 0.39537936449050903, 0.36236831545829773, 0.338934987783432, 0.32143378257751465, 0.3086268901824951]","[0.6784302592277527, 0.627689003944397, 0.5527247786521912, 0.4763657748699188, 0.41879892349243164, 0.3805850148200989, 0.35556119680404663, 0.33948200941085815, 0.32898396253585815, 0.3216705918312073]"
3,0.8706118355065195,0.868112335584785,0.8991163475699558,0.8703337759518734,"[0.6880673170089722, 0.6551363468170166, 0.5844248533248901, 0.505305290222168, 0.44027867913246155, 0.3936661183834076, 0.3598284125328064, 0.3380090296268463, 0.3200804889202118, 0.3060375452041626]","[0.6782758235931396, 0.6249637007713318, 0.5459903478622437, 0.4715604782104492, 0.41634342074394226, 0.3791062831878662, 0.3547714054584503, 0.3393229842185974, 0.32890981435775757, 0.3214411437511444]"
4,0.8712136409227683,0.8677304964539007,0.9009572901325479,0.8709129896592559,"[0.6892620325088501, 0.6603947877883911, 0.5996161103248596, 0.5250825881958008, 0.45983296632766724, 0.41029179096221924, 0.37483763694763184, 0.34917277097702026, 0.33042335510253906, 0.316318154335022]","[0.6810503602027893, 0.6347278356552124, 0.5644358992576599, 0.49136584997177124, 0.43345877528190613, 0.3928006887435913, 0.3651321530342102, 0.3464324474334717, 0.33357009291648865, 0.32482922077178955]"
5,0.8706118355065195,0.868112335584785,0.8991163475699558,0.8703337759518734,"[0.6878925561904907, 0.6539491415023804, 0.584482729434967, 0.5015107989311218, 0.4322441518306732, 0.3854188919067383, 0.3535822331905365, 0.3308224380016327, 0.31383103132247925, 0.3006703555583954]","[0.6774505972862244, 0.6249179840087891, 0.5442507863044739, 0.46598488092422485, 0.40891844034194946, 0.37255510687828064, 0.3493070900440216, 0.3343384563922882, 0.3242989778518677, 0.3181534707546234]"
