No,Accuracy,Precision,Recall,F1 Score,Loss,Val Loss
1,0.6581745235707122,0.6234146341463415,0.9410898379970545,0.75,"[0.6844838857650757, 0.660173773765564, 0.6270840167999268, 0.5982640385627747, 0.5785496830940247, 0.565423309803009, 0.5553377866744995, 0.5482363700866699, 0.5424569845199585, 0.5376572608947754]","[0.6762822866439819, 0.6499063968658447, 0.6237746477127075, 0.6072099208831787, 0.5971474647521973, 0.5928691625595093, 0.5906898975372314, 0.5894190669059753, 0.5908298492431641, 0.5915716290473938]"
2,0.6589769307923772,0.6225277375783889,0.9502945508100147,0.7522588166715244,"[0.6852792501449585, 0.6661078929901123, 0.6379349231719971, 0.611250638961792, 0.5901621580123901, 0.5743743777275085, 0.5633503794670105, 0.5541970133781433, 0.5476532578468323, 0.5423286557197571]","[0.6791422367095947, 0.6575152277946472, 0.6343697309494019, 0.6164740920066833, 0.6070219278335571, 0.5960868000984192, 0.5914742946624756, 0.5898316502571106, 0.5896965861320496, 0.589148223400116]"
3,0.6581745235707122,0.6226964112512124,0.9455081001472754,0.7508771929824561,"[0.6811160445213318, 0.6501674056053162, 0.6153255701065063, 0.5889286994934082, 0.5714365243911743, 0.5591499209403992, 0.5506816506385803, 0.54421067237854, 0.5387429594993591, 0.5344246625900269]","[0.6701773405075073, 0.6406847238540649, 0.616561770439148, 0.6013187766075134, 0.5937373638153076, 0.5915924310684204, 0.5886998772621155, 0.5891424417495728, 0.5897126197814941, 0.5935284495353699]"
4,0.6597793380140421,0.624208475401851,0.9436671575846833,0.7513925535033715,"[0.6852124929428101, 0.6644341945648193, 0.632779061794281, 0.6036891937255859, 0.5820803046226501, 0.5670456886291504, 0.5566612482070923, 0.5492529273033142, 0.5427295565605164, 0.5377823710441589]","[0.6789532899856567, 0.6551380753517151, 0.629721999168396, 0.6106694936752319, 0.5991140007972717, 0.5925560593605042, 0.5898926854133606, 0.5892284512519836, 0.5891804099082947, 0.5897876620292664]"
5,0.6583751253761284,0.6224317138022721,0.9480854197349042,0.75149569531592,"[0.685451328754425, 0.6678871512413025, 0.6416695713996887, 0.6151266694068909, 0.5944997668266296, 0.5785054564476013, 0.5673612356185913, 0.5587153434753418, 0.5518950819969177, 0.5463989973068237]","[0.679698646068573, 0.6604928970336914, 0.6372764706611633, 0.6186985969543457, 0.6059641242027283, 0.598651647567749, 0.593014121055603, 0.5902547240257263, 0.5888791084289551, 0.5897648930549622]"
