No,Accuracy,Precision,Recall,F1 Score,Loss,Val Loss
1,0.8607823470411233,0.8325657894736842,0.9318851251840943,0.8593485807039998,"[0.6918895244598389, 0.6856291890144348, 0.6720009446144104, 0.6504403948783875, 0.6214777231216431, 0.5870054364204407, 0.5495032668113708, 0.5109552145004272, 0.4733942747116089, 0.43815878033638]","[0.6898436546325684, 0.6804513931274414, 0.6635602116584778, 0.6393630504608154, 0.6089558601379395, 0.5748233199119568, 0.5390300154685974, 0.5034827589988708, 0.46990036964416504, 0.43931862711906433]"
2,0.8619859578736209,0.8384512683578104,0.9248895434462445,0.8608308518146006,"[0.6920889019966125, 0.686985433101654, 0.6739659309387207, 0.6521371603012085, 0.6221461296081543, 0.5858939290046692, 0.5460711121559143, 0.5050877928733826, 0.46512311697006226, 0.42836007475852966]","[0.6904886960983276, 0.6823825836181641, 0.6654797792434692, 0.6407618522644043, 0.6089450120925903, 0.5727745294570923, 0.5346660614013672, 0.4967235326766968, 0.4612703323364258, 0.4297863841056824]"
3,0.8605817452357071,0.8307692307692308,0.9344624447717231,0.8590487354142415,"[0.6918891072273254, 0.6861101984977722, 0.6735728979110718, 0.6529770493507385, 0.6258590817451477, 0.5941396355628967, 0.5587862730026245, 0.5215973854064941, 0.4845370948314667, 0.44906988739967346]","[0.6900096535682678, 0.6813280582427979, 0.6658246517181396, 0.6422598958015442, 0.6143975257873535, 0.5826367139816284, 0.5484480857849121, 0.5137192606925964, 0.4802045226097107, 0.4487746059894562]"
4,0.8599799398194584,0.8263260025873221,0.9407216494845361,0.8581874807122523,"[0.6917935013771057, 0.6850194334983826, 0.6697783470153809, 0.6459860801696777, 0.6156467199325562, 0.5812015533447266, 0.5448468327522278, 0.5082923769950867, 0.47318875789642334, 0.44058477878570557]","[0.6897187232971191, 0.6792408227920532, 0.6602948904037476, 0.6341725587844849, 0.6031690239906311, 0.5697102546691895, 0.5356711745262146, 0.5022205710411072, 0.4713837206363678, 0.44296571612358093]"
5,0.8589769307923771,0.8254122211445198,0.9399852724594993,0.8571645075120076,"[0.6919506788253784, 0.6857495903968811, 0.6703526377677917, 0.6460992693901062, 0.6144530773162842, 0.5781782865524292, 0.5397557616233826, 0.5017715692520142, 0.46608948707580566, 0.4331234097480774]","[0.6901662945747375, 0.6799836158752441, 0.6608632206916809, 0.6336979269981384, 0.6012226939201355, 0.5661166310310364, 0.5300555229187012, 0.4959961771965027, 0.4648042321205139, 0.43643665313720703]"
